{"cameraMode":{"drawMode":0,"name":"Shaded","section":"Shading Mode"},"sceneLighting":true,"audioPlay":false,"sceneViewState":{"m_AlwaysRefresh":false,"showFog":true,"showSkybox":true,"showFlares":true,"showImageEffects":true,"showParticleSystems":true,"showVisualEffectGraphs":true,"m_FxEnabled":true},"in2DMode":false,"pivot":{"x":0.0022060484625399114,"y":1.16746187210083,"z":-0.6068891286849976},"rotation":{"x":-0.10063923895359039,"y":-0.000897534133400768,"z":0.00009089881496038288,"w":-0.9949234127998352},"size":0.6925071477890015,"orthographic":false}